{ "force_manual_design": false,
  "design_dim": 25,
  "design_mode": "25lr",
  "design_bounds":[[0.15, 0.15, 0.035, 0.15, 0.035, 0.3, 0.035, 0.15, 0.035, 0.15, 0.035, 0.3, 0.035, 0.15, 0.035, 0.15, 0.035, 0.3, 0.035, 0.15, 0.035, 0.15, 0.035, 0.3, 0.035],
    [0.3, 0.3, 0.1, 0.3, 0.1, 0.6, 0.1, 0.3, 0.1, 0.3, 0.1, 0.6, 0.1, 0.3, 0.1, 0.3, 0.1, 0.6, 0.1, 0.3, 0.1, 0.3, 0.1, 0.6, 0.1]],
  "bounds": null,
   "op_algorithm_config" : {
     "xbounds":  [[0.15, 0.15, 0.035, 0.15, 0.035, 0.3, 0.035, 0.15, 0.035, 0.15, 0.035, 0.3, 0.035, 0.15, 0.035, 0.15, 0.035, 0.3, 0.035, 0.15, 0.035, 0.15, 0.035, 0.3, 0.035],
       [0.3, 0.3, 0.1, 0.3, 0.1, 0.6, 0.1, 0.3, 0.1, 0.3, 0.1, 0.6, 0.1, 0.3, 0.1, 0.3, 0.1, 0.6, 0.1, 0.3, 0.1, 0.3, 0.1, 0.6, 0.1]],
     "zbounds": [[1,1],[1,1]],
     "bounds": [[0.15, 0.15, 0.035, 0.15, 0.035, 0.3, 0.035, 0.15, 0.035, 0.15, 0.035, 0.3, 0.035, 0.15, 0.035, 0.15, 0.035, 0.3, 0.035, 0.15, 0.035, 0.15, 0.035, 0.3, 0.035],
       [0.3, 0.3, 0.1, 0.3, 0.1, 0.6, 0.1, 0.3, 0.1, 0.3, 0.1, 0.6, 0.1, 0.3, 0.1, 0.3, 0.1, 0.6, 0.1, 0.3, 0.1, 0.3, 0.1, 0.6, 0.1]],
     "max_num_epochs_per_design": 200,
    "costs": null,
    "time_limits":200,
    "x_ninit": 15,
    "obj_name": null,
    "initBudget" : null
  },
  "rl_alg" : "PPOVecBatch",
  "rl_algorithm_config" : {
    "algo_params": {
      "sample_size": 4096,
      "lam":0.95,
      "gamma":0.99,
      "v_max": 1,
      "v_min": 0,
      "time_limit":500,
      "actor_lr":0.00008,
      "critic_lr":0.00008
    },
    "num_env":10
  },
  "env": {
    "env_name":"AntEnv",
    "render":false
  }
}
